City,City,Country,Date,Lat,Lng,Max Temp,Humidity,Cloudiness,Wind Speed,Current Description,Rain inches (last 3 hrs),Snow inches (last 3 hrs)
0,Surat Thani,TH,2020-02-24 05:05:33,9.14,99.33,106.0,58,20,10.29,few clouds,0.0,0.0
1,Butaritari,KI,2020-02-24 05:05:33,3.07,172.79,82.06,84,68,26.22,moderate rain,9.44,0.0
2,Lompoc,US,2020-02-24 05:05:33,34.64,-120.46,55.4,87,90,3.36,overcast clouds,0.0,0.0
3,Jumla,NP,2020-02-24 05:05:33,29.27,82.18,49.05,29,24,4.32,few clouds,0.0,0.0
4,Tiksi,RU,2020-02-24 05:05:34,71.69,128.87,-3.64,87,98,7.31,overcast clouds,0.0,0.0
5,Ushuaia,AR,2020-02-24 05:03:05,-54.8,-68.3,42.8,70,75,25.28,light intensity drizzle,0.0,0.0
6,Kavieng,PG,2020-02-24 05:05:34,-2.57,150.8,84.65,73,12,12.64,few clouds,0.0,0.0
7,Cape Town,ZA,2020-02-24 05:04:37,-33.93,18.42,64.0,63,0,14.99,clear sky,0.0,0.0
8,Provideniya,RU,2020-02-24 05:05:34,64.38,-173.3,-3.96,63,32,2.57,scattered clouds,0.0,0.0
9,Marsaxlokk,MT,2020-02-24 05:05:35,35.84,14.54,55.99,87,20,12.75,few clouds,0.0,0.0
10,Mar Del Plata,AR,2020-02-24 05:02:20,-38.0,-57.56,64.99,88,0,10.29,clear sky,0.0,0.0
11,Bossangoa,CF,2020-02-24 05:05:35,6.49,17.46,70.02,20,71,5.88,broken clouds,0.0,0.0
12,Alta Floresta,BR,2020-02-24 05:05:35,-9.88,-56.09,71.91,96,100,1.39,overcast clouds,0.0,0.0
13,Port Elizabeth,ZA,2020-02-24 05:05:35,-33.92,25.57,51.8,93,11,2.24,few clouds,0.0,0.0
14,Atuona,PF,2020-02-24 05:05:36,-9.8,-139.03,81.23,79,18,14.52,few clouds,0.0,0.0
15,Bluff,NZ,2020-02-24 05:04:39,-46.6,168.33,64.99,63,25,14.0,scattered clouds,0.0,0.0
16,Mataura,NZ,2020-02-24 05:05:36,-46.19,168.86,64.99,63,6,14.0,clear sky,0.0,0.0
17,Daru,PG,2020-02-24 05:05:36,-9.08,143.21,93.72,51,96,5.46,overcast clouds,0.0,0.0
18,New Norfolk,AU,2020-02-24 05:04:43,-42.78,147.06,72.0,56,75,12.75,broken clouds,0.0,0.0
19,Richards Bay,ZA,2020-02-24 05:05:37,-28.78,32.04,73.18,66,98,11.95,light rain,0.88,0.0
20,Rikitea,PF,2020-02-24 05:05:37,-23.12,-134.97,79.81,71,7,6.71,clear sky,0.0,0.0
21,Sonthofen,DE,2020-02-24 05:05:37,47.52,10.28,55.0,100,100,8.05,moderate rain,0.0,0.0
22,Puerto Ayora,EC,2020-02-24 05:04:30,-0.74,-90.35,78.01,100,88,4.68,overcast clouds,0.0,0.0
23,Santiago Del Estero,AR,2020-02-24 05:05:38,-27.8,-64.26,63.25,54,0,7.87,clear sky,0.0,0.0
24,Grand River South East,AR,2020-02-24 05:05:38,-27.8,-64.26,63.25,54,0,7.87,clear sky,0.0,0.0
25,Jamestown,US,2020-02-24 05:04:14,42.1,-79.24,44.6,41,1,11.41,clear sky,0.0,0.0
26,Mattru,SL,2020-02-24 05:05:38,7.62,-11.83,76.3,85,92,0.27,overcast clouds,0.0,0.0
27,San Cristobal,VE,2020-02-24 05:05:39,7.77,-72.22,78.8,74,75,0.47,broken clouds,0.0,0.0
28,Mackay,AU,2020-02-24 05:05:39,-21.15,149.2,82.99,78,90,8.05,overcast clouds,0.0,0.0
29,Hilo,US,2020-02-24 05:01:54,19.73,-155.09,75.2,69,20,6.93,few clouds,0.0,0.0
30,Belushya Guba,US,2020-02-24 05:01:54,19.73,-155.09,75.2,69,20,6.93,few clouds,0.0,0.0
31,Saskylakh,RU,2020-02-24 05:05:39,71.92,114.08,12.9,92,88,11.07,overcast clouds,0.0,0.0
32,Trairi,BR,2020-02-24 05:04:53,-3.28,-39.27,73.27,97,31,2.51,light rain,0.19,0.0
33,Edwardsville,US,2020-02-24 05:05:40,38.81,-89.95,48.99,81,90,6.93,overcast clouds,0.0,0.0
34,Hunza,US,2020-02-24 05:05:40,38.81,-89.95,48.99,81,90,6.93,overcast clouds,0.0,0.0
35,Geraldton,AU,2020-02-24 05:05:40,-28.77,114.6,82.4,65,0,14.99,light rain,0.63,0.0
36,Taolanaro,AU,2020-02-24 05:05:40,-28.77,114.6,82.4,65,0,14.99,light rain,0.0,0.0
37,Faanui,PF,2020-02-24 05:05:23,-16.48,-151.75,83.3,73,19,11.68,light rain,0.13,0.0
38,Anloga,GH,2020-02-24 05:05:41,5.79,0.9,84.2,83,40,6.93,scattered clouds,0.0,0.0
39,Manokwari,ID,2020-02-24 05:05:41,-0.87,134.08,76.26,84,98,1.63,light rain,1.06,0.0
40,Vestmannaeyjar,IS,2020-02-24 05:03:04,63.44,-20.27,40.24,64,100,21.09,light snow,0.0,1.19
41,Come,BJ,2020-02-24 05:05:42,6.41,1.88,84.2,83,40,9.17,scattered clouds,0.0,0.0
42,Lakselv,NO,2020-02-24 05:05:42,70.05,24.97,33.8,80,100,32.21,snow,0.0,3.87
43,Gizo,SB,2020-02-24 05:05:42,-8.1,156.84,81.34,80,47,4.41,light rain,0.38,0.0
44,Adrar,MR,2020-02-24 05:05:42,20.5,-10.07,74.61,12,100,15.75,overcast clouds,0.0,0.0
45,Vanimo,PG,2020-02-24 05:01:06,-2.67,141.3,83.3,79,67,12.97,broken clouds,0.0,0.0
46,Beringovskiy,RU,2020-02-24 05:05:43,63.05,179.32,-4.81,97,76,8.79,light snow,0.0,0.13
47,Busselton,AU,2020-02-24 05:05:43,-33.65,115.33,80.01,33,99,13.78,overcast clouds,0.0,0.0
48,Goderich,CA,2020-02-24 05:05:43,43.75,-81.72,42.01,70,0,10.96,clear sky,0.0,0.0
49,Maragogi,BR,2020-02-24 05:05:43,-9.01,-35.22,81.66,78,66,14.29,light rain,0.5,0.0
50,Ruidoso,US,2020-02-24 05:05:44,33.33,-105.67,51.8,55,1,12.75,clear sky,0.0,0.0
51,Yellowknife,CA,2020-02-24 05:05:44,62.46,-114.35,-9.4,69,5,8.05,clear sky,0.0,0.0
52,Balta,UA,2020-02-24 05:05:44,47.94,29.62,46.02,65,99,27.58,light rain,1.25,0.0
53,Lukulu,ZM,2020-02-24 05:05:44,-14.37,23.24,68.27,97,100,6.82,moderate rain,7.81,0.0
54,Sinnamary,GF,2020-02-24 05:05:45,5.38,-52.95,78.26,84,99,17.18,light rain,0.38,0.0
55,Ahuimanu,US,2020-02-24 05:05:45,21.44,-157.84,80.6,73,20,11.41,few clouds,0.0,0.0
56,Mys Shmidta,US,2020-02-24 05:05:45,21.44,-157.84,80.6,73,20,11.41,few clouds,0.0,0.0
57,Lagoa,PT,2020-02-24 05:05:45,39.05,-27.98,59.65,81,89,11.65,overcast clouds,0.0,0.0
58,Ixtapa,MX,2020-02-24 05:05:45,20.7,-105.2,73.0,94,5,2.24,clear sky,0.0,0.0
59,Airai,TL,2020-02-24 05:05:46,-8.93,125.41,79.25,69,58,1.83,light rain,2.19,0.0
60,Leshukonskoye,RU,2020-02-24 05:05:46,64.9,45.76,30.22,92,100,13.29,light snow,0.0,0.19
61,Punta Arenas,CL,2020-02-24 05:04:32,-53.15,-70.92,44.6,75,75,19.46,broken clouds,0.0,0.0
62,Ribeira Grande,PT,2020-02-24 05:05:46,38.52,-28.7,55.4,84,90,8.21,overcast clouds,0.0,0.0
63,Hobart,AU,2020-02-24 05:03:37,-42.88,147.33,72.0,56,75,12.75,broken clouds,0.0,0.0
64,Necochea,AR,2020-02-24 05:05:47,-38.55,-58.74,61.0,79,0,14.0,clear sky,0.0,0.0
65,Khatanga,RU,2020-02-24 05:04:39,71.97,102.5,20.1,89,100,18.43,light snow,0.0,0.5
66,Baijiantan,CN,2020-02-24 05:05:47,45.63,85.18,27.43,85,98,7.31,overcast clouds,0.0,0.0
67,Chodavaram,IN,2020-02-24 05:05:48,17.83,82.95,82.4,61,25,4.7,haze,0.0,0.0
68,Juneau,US,2020-02-24 05:05:48,58.3,-134.42,34.0,74,75,7.99,broken clouds,0.0,0.0
69,Walvis Bay,NA,2020-02-24 05:05:48,-22.96,14.51,64.4,88,47,10.29,scattered clouds,0.0,0.0
70,Maroua,CM,2020-02-24 05:05:48,10.59,14.32,65.8,25,0,10.56,clear sky,0.0,0.0
71,Iqaluit,CA,2020-02-24 05:05:48,63.75,-68.51,-25.01,67,40,4.99,scattered clouds,0.0,0.0
72,San Quintin,MX,2020-02-24 05:05:49,30.48,-115.95,56.64,88,20,11.18,few clouds,0.0,0.0
73,Mangrol,IN,2020-02-24 05:05:49,21.12,70.12,79.92,54,0,7.85,clear sky,0.0,0.0
74,Kamenka,RU,2020-02-24 05:05:49,51.32,42.77,34.0,98,87,5.01,overcast clouds,0.0,0.0
75,Oakham,GB,2020-02-24 05:05:49,52.67,-0.73,42.01,75,75,17.22,broken clouds,0.0,0.0
76,Fortuna,US,2020-02-24 05:05:50,40.6,-124.16,48.2,87,75,8.05,broken clouds,0.0,0.0
77,Nishihara,JP,2020-02-24 05:05:50,26.18,127.76,73.0,56,20,10.29,few clouds,0.0,0.0
78,Riyadh,SA,2020-02-24 05:02:47,24.69,46.72,66.2,72,40,3.36,scattered clouds,0.0,0.0
79,Farafangana,MG,2020-02-24 05:05:50,-22.82,47.83,79.84,84,48,11.61,scattered clouds,0.0,0.0
80,Longyearbyen,SJ,2020-02-24 05:05:50,78.22,15.64,-4.0,76,40,3.36,scattered clouds,0.0,0.0
81,Awbari,LY,2020-02-24 05:05:51,26.59,12.78,43.68,67,0,3.53,clear sky,0.0,0.0
82,Katsuura,JP,2020-02-24 05:05:51,35.13,140.3,61.0,44,20,9.17,few clouds,0.0,0.0
83,Vaini,TO,2020-02-24 05:05:51,-21.2,-175.2,78.8,94,75,4.7,broken clouds,0.0,0.0
84,Kodiak,US,2020-02-24 05:05:51,57.79,-152.41,24.8,41,1,13.87,clear sky,0.0,0.0
85,Hasaki,JP,2020-02-24 05:01:49,35.73,140.83,63.0,38,20,5.82,few clouds,0.0,0.0
86,Panalingaan,PH,2020-02-24 05:05:52,8.78,117.42,83.86,69,60,14.63,broken clouds,0.0,0.0
87,Bonthe,SL,2020-02-24 05:05:52,7.53,-12.51,77.67,82,75,3.69,broken clouds,0.0,0.0
88,Castro,BR,2020-02-24 05:05:52,-24.79,-50.01,57.63,91,100,8.12,overcast clouds,0.0,0.0
89,Eureka,US,2020-02-24 05:05:52,40.8,-124.16,48.2,87,75,8.05,broken clouds,0.0,0.0
90,Marzuq,YE,2020-02-24 05:05:53,14.4,46.47,76.1,8,27,2.86,scattered clouds,0.0,0.0
91,Kapaa,US,2020-02-24 05:04:44,22.08,-159.32,78.8,69,20,10.29,few clouds,0.0,0.0
92,Yushu,CN,2020-02-24 05:05:53,44.8,126.53,23.88,84,0,7.87,clear sky,0.0,0.0
93,Tuktoyaktuk,CA,2020-02-24 05:04:33,69.45,-133.04,-11.2,76,75,13.87,light snow,0.0,0.0
94,Port Blair,IN,2020-02-24 05:03:16,11.67,92.75,82.0,73,19,13.73,few clouds,0.0,0.0
95,Raudeberg,NO,2020-02-24 05:05:54,61.99,5.14,35.6,72,100,18.34,snow,0.0,2.81
96,Libenge,CD,2020-02-24 05:05:54,3.65,18.63,74.8,66,65,4.03,broken clouds,0.0,0.0
97,Hithadhoo,MV,2020-02-24 05:02:43,-0.6,73.08,83.39,78,39,12.15,scattered clouds,0.0,0.0
98,Porkhov,RU,2020-02-24 05:05:54,57.77,29.56,33.8,88,59,8.95,broken clouds,0.0,0.0
99,Saint-Philippe,RE,2020-02-24 05:05:55,-21.36,55.77,84.99,58,45,2.24,scattered clouds,0.0,0.0
100,Illoqqortoormiut,RE,2020-02-24 05:05:55,-21.36,55.77,84.99,58,45,2.24,scattered clouds,0.0,0.0
101,Makhachkala,RU,2020-02-24 05:05:55,42.98,47.5,37.4,86,90,2.24,overcast clouds,0.0,0.0
102,Arraial Do Cabo,BR,2020-02-24 05:05:55,-22.97,-42.03,73.99,71,100,4.85,overcast clouds,0.0,0.0
103,Benghazi,LY,2020-02-24 05:05:55,32.12,20.07,57.04,66,22,13.38,few clouds,0.0,0.0
104,Wageningen,NL,2020-02-24 05:05:56,51.97,5.67,42.01,86,90,6.93,overcast clouds,0.0,0.0
105,Novyy Urgal,RU,2020-02-24 05:05:56,51.07,132.56,13.53,85,100,3.53,overcast clouds,0.0,0.0
106,Bredasdorp,ZA,2020-02-24 05:04:31,-34.53,20.04,63.0,87,0,6.93,clear sky,0.0,0.0
107,Guayaramerin,BO,2020-02-24 05:05:56,-10.84,-65.36,70.12,84,58,1.74,broken clouds,0.0,0.0
108,Burnie,AU,2020-02-24 05:05:42,-41.07,145.92,69.01,66,92,8.99,overcast clouds,0.0,0.0
109,Port Hawkesbury,CA,2020-02-24 05:05:57,45.62,-61.35,32.0,93,1,10.29,clear sky,0.0,0.0
110,Amderma,CA,2020-02-24 05:05:57,45.62,-61.35,32.0,93,1,10.29,clear sky,0.0,0.0
111,Ati,TD,2020-02-24 05:02:05,13.22,18.34,66.18,25,0,16.22,clear sky,0.0,0.0
112,Ulladulla,AU,2020-02-24 05:05:58,-35.35,150.47,82.99,48,20,17.22,few clouds,0.0,0.0
113,Carnarvon,AU,2020-02-24 05:02:27,-24.87,113.63,84.2,58,0,12.75,clear sky,0.0,0.0
114,Vao,NC,2020-02-24 05:05:58,-22.67,167.48,78.82,72,71,14.16,broken clouds,0.0,0.0
115,Kapoeta,SS,2020-02-24 05:05:58,4.77,33.59,90.34,26,32,9.66,scattered clouds,0.0,0.0
116,Sanary-Sur-Mer,FR,2020-02-24 05:05:58,43.12,5.8,57.0,93,0,1.12,clear sky,0.0,0.0
117,Marovoay,MG,2020-02-24 05:05:59,-16.1,46.63,78.8,94,20,5.82,few clouds,0.0,0.0
118,Atar,MR,2020-02-24 05:05:59,20.52,-13.05,74.16,23,97,7.45,overcast clouds,0.0,0.0
119,Thompson,CA,2020-02-24 05:02:58,55.74,-97.86,10.4,78,90,6.93,light snow,0.0,0.0
120,Belaya Gora,RU,2020-02-24 05:05:59,68.53,146.42,-14.89,98,98,3.94,overcast clouds,0.0,0.0
121,Torbay,CA,2020-02-24 05:04:50,47.67,-52.73,28.99,86,40,20.8,scattered clouds,0.0,0.0
122,El Tigre,VE,2020-02-24 05:06:00,8.89,-64.25,75.56,80,62,12.53,broken clouds,0.0,0.0
123,Beyla,GN,2020-02-24 05:06:00,8.68,-8.63,67.62,92,34,3.44,scattered clouds,0.0,0.0
124,Prince Rupert,CA,2020-02-24 05:06:00,54.32,-130.32,35.6,69,90,9.17,overcast clouds,0.0,0.0
125,Qaanaaq,GL,2020-02-24 05:06:00,77.48,-69.36,-16.91,54,0,5.46,clear sky,0.0,0.0
126,Campos Do Jordao,BR,2020-02-24 05:06:01,-22.74,-45.59,66.2,82,75,3.36,broken clouds,0.0,0.0
127,Hihifo,BR,2020-02-24 05:06:01,-22.74,-45.59,66.2,82,75,3.36,broken clouds,0.0,0.0
128,Salina,US,2020-02-24 05:01:52,38.84,-97.61,48.0,93,90,9.17,moderate rain,0.0,0.0
129,Nago,JP,2020-02-24 05:06:01,26.59,127.98,73.0,56,20,10.29,few clouds,0.0,0.0
130,Marawi,PH,2020-02-24 05:06:01,8.0,124.29,82.99,78,32,7.0,light rain,0.13,0.0
131,Lima,PE,2020-02-24 05:05:39,-12.04,-77.03,75.2,88,50,10.29,scattered clouds,0.0,0.0
132,Tatawin,TN,2020-02-24 05:06:02,32.93,10.45,46.4,81,3,3.36,clear sky,0.0,0.0
133,Slave Lake,CA,2020-02-24 05:06:02,55.28,-114.77,15.8,85,1,4.7,clear sky,0.0,0.0
134,Antsohihy,MG,2020-02-24 05:06:02,-14.88,47.99,84.52,77,74,1.74,broken clouds,0.0,0.0
135,Cachoeira Do Sul,BR,2020-02-24 05:06:03,-30.04,-52.89,58.44,97,0,4.32,clear sky,0.0,0.0
136,Guanica,PR,2020-02-24 05:06:03,17.97,-66.91,75.0,73,1,4.29,clear sky,0.0,0.0
137,Maceio,BR,2020-02-24 05:05:12,-9.67,-35.74,77.0,94,20,3.36,few clouds,0.0,0.0
138,Erenhot,CN,2020-02-24 05:06:03,43.65,111.98,28.4,73,88,14.67,overcast clouds,0.0,0.0
139,Nome,US,2020-02-24 05:06:03,64.5,-165.41,3.2,84,90,6.93,light snow,0.0,0.0
140,Albany,US,2020-02-24 05:01:39,42.6,-73.97,33.01,68,1,5.82,clear sky,0.0,0.0
141,Dikson,RU,2020-02-24 05:06:04,73.51,80.55,22.77,90,100,26.11,light snow,0.0,0.19
142,Upernavik,GL,2020-02-24 05:06:04,72.79,-56.15,-20.83,87,16,4.12,few clouds,0.0,0.0
143,Sayanogorsk,RU,2020-02-24 05:06:04,53.09,91.4,19.47,88,95,4.12,overcast clouds,0.0,0.0
144,Iberia,US,2020-02-24 05:06:05,29.95,-91.75,60.8,77,90,8.05,overcast clouds,0.0,0.0
145,Yerbogachen,RU,2020-02-24 05:06:05,61.28,108.01,20.01,85,100,13.98,overcast clouds,0.0,0.0
146,El Alto,PE,2020-02-24 05:06:05,-4.27,-81.21,74.77,74,100,4.97,overcast clouds,0.0,0.0
147,Chokurdakh,RU,2020-02-24 05:06:05,70.63,147.92,-23.26,98,56,3.51,broken clouds,0.0,0.0
148,Barentsburg,RU,2020-02-24 05:06:05,70.63,147.92,-23.26,98,56,3.51,broken clouds,0.0,0.0
149,Kenai,US,2020-02-24 05:06:06,60.55,-151.26,8.6,78,1,5.82,clear sky,0.0,0.0
150,Opuwo,NA,2020-02-24 05:06:06,-18.06,13.84,68.74,37,30,4.76,scattered clouds,0.0,0.0
151,Beloha,MG,2020-02-24 05:06:06,-25.17,45.05,77.31,84,81,2.89,broken clouds,0.0,0.0
152,Bereda,ES,2020-02-24 05:06:06,43.27,-7.54,48.0,100,90,2.24,fog,0.0,0.0
153,Narsaq,GL,2020-02-24 05:03:04,60.92,-46.05,21.2,85,100,4.7,light snow,0.0,0.0
154,Milak,IN,2020-02-24 05:06:07,28.62,79.18,74.71,46,0,3.29,clear sky,0.0,0.0
155,Napuro,PH,2020-02-24 05:06:07,12.03,124.71,85.48,62,0,9.69,clear sky,0.0,0.0
156,East London,ZA,2020-02-24 05:06:07,-33.02,27.91,59.0,82,15,5.82,few clouds,0.0,0.0
157,Satitoa,ZA,2020-02-24 05:06:07,-33.02,27.91,59.0,82,15,5.82,few clouds,0.0,0.0
158,Lavrentiya,RU,2020-02-24 05:06:08,65.58,-171.0,-9.27,75,0,3.36,clear sky,0.0,0.0
159,Kamphaeng Phet,TH,2020-02-24 05:06:08,16.48,99.52,91.99,34,4,10.16,clear sky,0.0,0.0
160,Bangui,CF,2020-02-24 05:06:08,4.36,18.55,78.8,88,47,1.68,scattered clouds,0.0,0.0
161,Chengmai,CF,2020-02-24 05:06:08,4.36,18.55,78.8,88,47,1.68,scattered clouds,0.0,0.0
162,Suez,EG,2020-02-24 05:01:31,29.97,32.53,55.89,55,28,3.15,scattered clouds,0.0,0.0
163,Ketchikan,US,2020-02-24 05:06:09,55.34,-131.65,35.6,91,75,11.41,broken clouds,0.0,0.0
164,Avarua,CK,2020-02-24 05:06:09,-21.21,-159.78,78.8,94,100,3.36,light rain,0.0,0.0
165,Vanavara,RU,2020-02-24 05:06:10,60.34,102.28,19.8,88,100,10.25,overcast clouds,0.0,0.0
166,Nikolskoye,RU,2020-02-24 05:06:10,59.7,30.79,35.6,97,90,8.95,overcast clouds,0.0,0.0
167,Rio Verde De Mato Grosso,BR,2020-02-24 05:05:55,-18.92,-54.84,70.95,97,92,3.38,overcast clouds,0.0,0.0
168,Nizhneyansk,BR,2020-02-24 05:05:55,-18.92,-54.84,70.95,97,92,3.38,overcast clouds,0.0,0.0
169,Saldanha,ZA,2020-02-24 05:06:10,-33.01,17.94,66.2,45,0,4.7,clear sky,0.0,0.0
170,Pacific Grove,US,2020-02-24 05:06:11,36.62,-121.92,53.6,81,75,5.82,broken clouds,0.0,0.0
171,Krasnyy Luch,UA,2020-02-24 05:06:11,48.14,38.94,35.47,97,100,17.94,light rain,2.13,0.0
172,Uberaba,BR,2020-02-24 05:06:11,-19.75,-47.93,69.66,94,93,6.42,light rain,1.25,0.0
173,Bethel,US,2020-02-24 05:06:11,41.37,-73.41,43.0,68,1,3.56,clear sky,0.0,0.0
174,Taoudenni,ML,2020-02-24 05:06:12,22.68,-3.98,66.04,15,1,13.18,clear sky,0.0,0.0
175,Lichinga,MZ,2020-02-24 05:06:12,-13.31,35.24,76.95,85,100,4.54,light rain,1.13,0.0
176,Burirao,PH,2020-02-24 05:06:12,9.2,118.1,82.85,67,59,14.72,light rain,0.31,0.0
177,Bow Island,CA,2020-02-24 05:06:12,49.87,-111.37,32.0,95,90,8.05,light rain,0.0,0.0
178,Teguldet,RU,2020-02-24 05:06:12,57.31,88.17,24.73,89,90,1.74,overcast clouds,0.0,0.0
179,Jinka,ET,2020-02-24 05:06:13,5.65,36.65,83.93,29,100,3.98,overcast clouds,0.0,0.0
180,Chagda,ET,2020-02-24 05:06:13,5.65,36.65,83.93,29,100,3.98,overcast clouds,0.0,0.0
181,Rosarito,MX,2020-02-24 05:06:13,32.33,-117.03,60.8,87,1,4.43,clear sky,0.0,0.0
182,Kyren,RU,2020-02-24 05:06:13,51.68,102.14,12.45,85,100,3.83,light snow,0.0,0.13
183,Saleaula,RU,2020-02-24 05:06:13,51.68,102.14,12.45,85,100,3.83,light snow,0.0,0.0
184,Souillac,MU,2020-02-24 05:06:14,-20.52,57.52,82.0,83,20,3.18,few clouds,0.0,0.0
185,Goundam,ML,2020-02-24 05:06:14,16.41,-3.67,71.46,14,27,10.76,scattered clouds,0.0,0.0
186,Eydhafushi,MV,2020-02-24 05:06:14,5.1,73.07,83.03,79,26,21.85,light rain,0.31,0.0
187,Byron Bay,AU,2020-02-24 05:06:14,-28.65,153.62,78.01,94,75,13.87,broken clouds,0.0,0.0
188,Cockburn Town,TC,2020-02-24 05:02:19,21.46,-71.14,73.69,62,0,16.35,clear sky,0.0,0.0
189,Panzhihua,CN,2020-02-24 05:06:15,26.59,101.71,63.0,51,0,1.45,clear sky,0.0,0.0
190,Kismayo,SO,2020-02-24 05:06:15,-0.36,42.55,83.26,75,96,18.59,overcast clouds,0.0,0.0
191,Kattivakkam,IN,2020-02-24 05:06:15,13.22,80.32,86.0,62,40,10.29,scattered clouds,0.0,0.0
192,Nara,JP,2020-02-24 05:04:52,34.69,135.8,59.0,54,0,3.36,clear sky,0.0,0.0
193,Russell,US,2020-02-24 05:06:16,32.35,-85.2,53.01,76,90,3.33,overcast clouds,0.0,0.0
194,Port Alfred,ZA,2020-02-24 05:06:16,-33.59,26.89,64.99,80,0,2.71,clear sky,0.0,0.0
195,Hambantota,LK,2020-02-24 05:06:16,6.12,81.12,84.2,79,20,17.22,few clouds,0.0,0.0
196,Talnakh,RU,2020-02-24 05:06:16,69.49,88.4,17.6,92,90,35.79,overcast clouds,0.0,0.0
197,Rawannawi,RU,2020-02-24 05:06:16,69.49,88.4,17.6,92,90,35.79,overcast clouds,0.0,0.0
198,Rocha,UY,2020-02-24 05:02:26,-34.48,-54.33,57.15,87,42,8.93,scattered clouds,0.0,0.0
199,Henties Bay,NA,2020-02-24 05:06:17,-22.12,14.28,64.0,95,91,5.99,overcast clouds,0.0,0.0
200,Husavik,IS,2020-02-24 05:05:08,66.04,-17.34,27.09,83,100,11.79,light snow,0.0,0.25
201,Grindavik,IS,2020-02-24 05:06:18,63.84,-22.43,33.8,66,75,13.87,broken clouds,0.0,0.0
202,Codrington,AU,2020-02-24 05:06:19,-38.27,141.97,62.76,86,75,13.65,broken clouds,0.0,0.0
203,Kwinana,AU,2020-02-24 05:06:19,-32.25,115.77,90.0,57,75,19.46,broken clouds,0.0,0.0
204,Usinsk,RU,2020-02-24 05:05:57,65.99,57.53,26.49,88,100,26.96,light snow,0.0,0.13
205,Tomatlan,MX,2020-02-24 05:06:19,19.93,-105.25,67.96,52,11,2.39,few clouds,0.0,0.0
206,Soe,ID,2020-02-24 05:06:20,-9.86,124.28,80.73,78,79,1.07,broken clouds,0.0,0.0
207,Kintampo,GH,2020-02-24 05:06:20,8.06,-1.73,74.71,44,16,3.2,few clouds,0.0,0.0
208,Isangel,VU,2020-02-24 05:06:20,-19.55,169.27,86.0,62,40,11.41,scattered clouds,0.0,0.0
209,Jinji,CN,2020-02-24 05:05:05,23.23,110.83,81.0,64,24,10.02,few clouds,0.0,0.0
210,Vaitupu,CN,2020-02-24 05:05:05,23.23,110.83,81.0,64,24,10.02,few clouds,0.0,0.0
211,Kidal,ML,2020-02-24 05:06:21,18.44,1.41,65.71,19,8,17.16,clear sky,0.0,0.0
212,Redding,US,2020-02-24 05:06:22,40.59,-122.39,51.8,64,1,4.7,clear sky,0.0,0.0
213,Tarudant,US,2020-02-24 05:06:22,40.59,-122.39,51.8,64,1,4.7,clear sky,0.0,0.0
214,We,US,2020-02-24 05:06:22,40.59,-122.39,51.8,64,1,4.7,clear sky,0.0,0.0
215,Santiago,CL,2020-02-24 05:04:02,-33.46,-70.65,57.2,82,0,11.41,clear sky,0.0,0.0
216,Pangai,TO,2020-02-24 05:06:23,-19.8,-174.35,84.2,83,20,9.17,few clouds,0.0,0.0
217,Shache,CN,2020-02-24 05:06:23,38.42,77.24,47.95,31,97,9.66,overcast clouds,0.0,0.0
218,Kruisfontein,ZA,2020-02-24 05:06:23,-34.0,24.73,61.52,65,0,4.38,clear sky,0.0,0.0
219,Teocaltiche,MX,2020-02-24 05:06:23,21.43,-102.58,62.6,36,40,5.82,scattered clouds,0.0,0.0
220,Dong Hoi,VN,2020-02-24 05:02:03,17.48,106.6,72.01,77,38,8.03,scattered clouds,0.0,0.0
221,Saint-Pierre,RE,2020-02-24 05:06:24,-21.34,55.48,84.99,58,25,2.24,scattered clouds,0.0,0.0
222,Nioro,GM,2020-02-24 05:03:19,13.35,-15.75,81.34,34,98,7.31,overcast clouds,0.0,0.0
223,Marsh Harbour,BS,2020-02-24 05:05:13,26.54,-77.06,68.13,59,0,15.03,clear sky,0.0,0.0
224,Bilma,NE,2020-02-24 05:06:25,18.69,12.92,52.18,42,58,11.7,broken clouds,0.0,0.0
225,Northam,GB,2020-02-24 05:06:26,51.03,-4.22,52.0,91,100,14.0,overcast clouds,0.0,0.0
226,Severodvinsk,RU,2020-02-24 05:06:26,64.56,39.83,33.8,86,90,8.95,overcast clouds,0.0,0.0
227,Poltavka,RU,2020-02-24 05:06:26,54.37,71.76,9.79,94,53,3.49,broken clouds,0.0,0.0
228,La Rioja,ES,2020-02-24 05:06:26,42.25,-2.5,35.6,93,0,4.7,clear sky,0.0,0.0
229,Tajimi,JP,2020-02-24 05:06:26,35.32,137.13,66.99,43,0,2.24,clear sky,0.0,0.0
230,Malwan,JP,2020-02-24 05:06:26,35.32,137.13,66.99,43,0,2.24,clear sky,0.0,0.0
231,Baykit,RU,2020-02-24 05:06:27,61.67,96.37,18.1,75,87,6.49,overcast clouds,0.0,0.0
232,Mount Isa,AU,2020-02-24 05:06:27,-20.73,139.5,91.4,52,75,18.34,broken clouds,0.0,0.0
233,Tumannyy,AU,2020-02-24 05:06:27,-20.73,139.5,91.4,52,75,18.34,broken clouds,0.0,0.0
234,Svay Rieng,KH,2020-02-24 05:06:27,11.09,105.8,93.79,25,0,1.72,clear sky,0.0,0.0
235,Bengkulu,ID,2020-02-24 05:04:57,-3.8,102.27,92.75,48,7,3.11,clear sky,0.0,0.0
236,Mahebourg,MU,2020-02-24 05:06:28,-20.41,57.7,82.0,83,20,3.18,few clouds,0.0,0.0
237,Cessnock,AU,2020-02-24 05:06:28,-32.83,151.35,80.01,61,75,11.41,shower rain,0.0,0.0
238,Mandalgovi,MN,2020-02-24 05:06:28,45.76,106.27,23.02,69,100,15.1,overcast clouds,0.0,0.0
239,Georgetown,MY,2020-02-24 05:04:21,5.41,100.34,89.6,59,20,8.05,few clouds,0.0,0.0
240,Muros,ES,2020-02-24 05:06:29,42.78,-9.06,52.0,86,0,3.36,fog,0.0,0.0
241,Alto Araguaia,BR,2020-02-24 05:05:50,-17.31,-53.22,68.79,96,100,1.99,light rain,0.88,0.0
242,Lebu,CL,2020-02-24 05:04:47,-37.62,-73.65,53.53,98,23,4.29,few clouds,0.0,0.0
243,Severo-Kurilsk,RU,2020-02-24 05:06:30,50.68,156.12,26.11,95,100,31.97,snow,0.0,1.69
244,Half Moon Bay,US,2020-02-24 05:06:30,37.46,-122.43,54.0,76,20,14.99,few clouds,0.0,0.0
245,Lorengau,PG,2020-02-24 05:06:30,-2.02,147.27,84.31,69,69,3.13,broken clouds,0.0,0.0
246,Burns Lake,CA,2020-02-24 05:06:30,54.23,-125.75,18.39,93,98,2.39,overcast clouds,0.0,0.0
247,Karaul,CA,2020-02-24 05:06:30,54.23,-125.75,18.39,93,98,2.39,overcast clouds,0.0,0.0
248,Hermanus,ZA,2020-02-24 05:06:31,-34.42,19.23,63.0,73,0,7.0,clear sky,0.0,0.0
249,Zernograd,RU,2020-02-24 05:06:31,46.85,40.31,39.0,93,100,8.99,light rain,0.38,0.0
250,Makakilo City,US,2020-02-24 05:05:08,21.35,-158.09,80.6,73,1,12.75,clear sky,0.0,0.0
251,Portland,US,2020-02-24 05:05:21,45.52,-122.68,44.01,75,90,5.82,light rain,0.0,0.0
252,Dharmapuri,IN,2020-02-24 05:06:31,12.13,78.17,78.8,69,40,3.36,haze,0.0,0.0
253,Krasnorechenskiy,RU,2020-02-24 05:06:32,44.63,135.35,26.24,75,89,13.15,light snow,0.0,0.13
254,Susehri,TR,2020-02-24 05:06:32,40.16,38.09,26.49,97,99,8.14,overcast clouds,0.0,0.0
255,Shenjiamen,CN,2020-02-24 05:06:32,29.96,122.3,55.58,89,78,19.53,broken clouds,0.0,0.0
256,Seoul,KR,2020-02-24 05:05:10,37.57,126.98,53.6,43,1,4.7,clear sky,0.0,0.0
257,Nantucket,US,2020-02-24 05:06:33,41.28,-70.1,39.99,86,1,10.29,clear sky,0.0,0.0
258,Jiwani,PK,2020-02-24 05:06:33,25.05,61.74,72.91,78,28,9.4,scattered clouds,0.0,0.0
259,Karambakkudi,IN,2020-02-24 05:06:33,10.47,79.13,84.2,66,40,11.41,haze,0.0,0.0
260,College,US,2020-02-24 05:06:33,64.86,-147.8,-4.0,76,1,3.36,clear sky,0.0,0.0
261,Cidreira,BR,2020-02-24 05:06:33,-30.18,-50.21,72.12,75,19,24.27,few clouds,0.0,0.0
262,Ambodifototra,BR,2020-02-24 05:06:33,-30.18,-50.21,72.12,75,19,24.27,few clouds,0.0,0.0
263,Santa Teresa,VE,2020-02-24 05:06:34,10.23,-66.66,69.01,92,71,3.36,broken clouds,0.0,0.0
264,Luderitz,NA,2020-02-24 05:06:34,-26.65,15.16,67.05,73,0,15.17,clear sky,0.0,0.0
265,Saint George,US,2020-02-24 05:06:34,37.1,-113.58,50.0,57,0,2.62,clear sky,0.0,0.0
266,Lolua,US,2020-02-24 05:06:34,37.1,-113.58,50.0,57,0,2.62,clear sky,0.0,0.0
267,Fenelon Falls,CA,2020-02-24 05:06:35,44.53,-78.75,39.2,64,1,6.93,clear sky,0.0,0.0
268,Olafsvik,IS,2020-02-24 05:06:35,64.89,-23.71,34.74,82,100,12.5,light snow,0.0,1.0
269,Chinhoyi,ZW,2020-02-24 05:06:35,-17.37,30.2,68.38,91,100,8.01,light rain,1.63,0.0
270,Tabou,CI,2020-02-24 05:05:57,4.42,-7.35,78.01,95,100,3.02,overcast clouds,0.0,0.0
271,Yar-Sale,RU,2020-02-24 05:06:36,66.83,70.83,27.91,86,100,26.55,overcast clouds,0.0,0.0
272,Maksi,IN,2020-02-24 05:06:36,23.27,76.15,77.61,27,0,6.51,clear sky,0.0,0.0
273,Mayahi,NE,2020-02-24 05:06:36,13.96,7.67,66.88,17,0,16.49,clear sky,0.0,0.0
274,Katherine,AU,2020-02-24 05:06:36,-14.47,132.27,96.8,47,94,14.99,overcast clouds,0.0,0.0
275,Avera,US,2020-02-24 05:06:37,33.19,-82.53,54.0,71,90,3.49,overcast clouds,0.0,0.0
276,Tanete,ID,2020-02-24 05:06:37,-3.94,119.78,85.48,72,100,3.02,overcast clouds,0.0,0.0
277,Vaitape,PF,2020-02-24 05:06:37,-16.52,-151.75,83.3,73,19,11.68,light rain,0.13,0.0
278,Mitsamiouli,KM,2020-02-24 05:06:37,-11.38,43.28,84.15,79,92,15.79,light rain,0.38,0.0
279,Roma,US,2020-02-24 05:06:38,43.21,-75.46,39.2,73,40,10.56,scattered clouds,0.0,0.0
280,Pevek,RU,2020-02-24 05:04:41,69.7,170.31,-21.39,92,14,8.08,few clouds,0.0,0.0
281,Rio Gallegos,AR,2020-02-24 05:06:38,-51.62,-69.22,50.0,76,90,12.75,overcast clouds,0.0,0.0
282,Maryville,US,2020-02-24 05:06:38,35.76,-83.97,48.2,71,90,7.09,overcast clouds,0.0,0.0
283,Norman Wells,CA,2020-02-24 05:06:38,65.28,-126.83,-0.4,84,75,4.7,light snow,0.0,0.0
284,Boo,SE,2020-02-24 05:06:39,59.33,18.28,35.01,64,17,9.17,few clouds,0.0,0.0
285,Tvoroyri,FO,2020-02-24 05:06:39,61.56,-6.81,37.4,69,83,14.99,broken clouds,0.0,0.0
286,Naestved,DK,2020-02-24 05:06:39,55.23,11.76,41.0,93,24,11.41,few clouds,0.0,0.0
287,Tasiilaq,GL,2020-02-24 05:04:44,65.61,-37.64,6.8,71,15,3.36,few clouds,0.0,0.0
288,Mizan Teferi,ET,2020-02-24 05:06:40,6.98,35.58,78.46,45,22,1.07,few clouds,0.0,0.0
289,Laguna,US,2020-02-24 05:06:40,38.42,-121.42,55.4,87,1,1.9,clear sky,0.0,0.0
290,Keflavik,IS,2020-02-24 05:06:40,64.0,-22.56,33.8,66,75,13.87,broken clouds,0.0,0.0
291,Kollo,NE,2020-02-24 05:06:40,13.3,2.34,77.0,12,0,10.29,dust,0.0,0.0
292,Artyk,NE,2020-02-24 05:06:40,13.3,2.34,77.0,12,0,10.29,dust,0.0,0.0
293,Tsihombe,NE,2020-02-24 05:06:40,13.3,2.34,77.0,12,0,10.29,dust,0.0,0.0
294,Kargopol,RU,2020-02-24 05:06:41,61.51,38.95,32.58,96,97,9.06,light snow,0.0,0.44
295,Bodden Town,KY,2020-02-24 05:06:41,19.28,-81.25,75.0,77,0,1.99,light rain,0.13,0.0
296,Klaksvik,FO,2020-02-24 05:06:41,62.23,-6.59,37.4,69,80,14.99,light snow,0.0,0.38
297,Tashtyp,RU,2020-02-24 05:06:42,52.79,89.9,17.33,90,97,3.24,overcast clouds,0.0,0.0
298,Broken Hill,AU,2020-02-24 05:06:42,-31.95,141.43,86.0,35,34,8.05,scattered clouds,0.0,0.0
299,Deputatskiy,RU,2020-02-24 05:06:42,69.3,139.9,-18.65,93,0,3.29,clear sky,0.0,0.0
300,Huntsville,US,2020-02-24 05:05:01,34.73,-86.59,48.99,75,90,3.36,overcast clouds,0.0,0.0
301,Lakes Entrance,AU,2020-02-24 05:06:42,-37.88,147.98,75.0,41,100,4.0,overcast clouds,0.0,0.0
302,Hobyo,SO,2020-02-24 05:06:43,5.35,48.53,82.67,61,98,19.26,overcast clouds,0.0,0.0
303,Ponta Do Sol,PT,2020-02-24 05:06:43,32.67,-17.1,68.0,63,20,19.46,few clouds,0.0,0.0
304,Kununurra,AU,2020-02-24 05:06:43,-15.77,128.73,104.0,28,84,4.7,broken clouds,0.0,0.0
305,Chimbote,PE,2020-02-24 05:06:43,-9.09,-78.58,74.3,72,100,2.3,overcast clouds,0.0,0.0
306,Nagato,JP,2020-02-24 05:06:44,34.38,131.2,60.01,66,46,6.93,scattered clouds,0.0,0.0
307,Sinaloa,MX,2020-02-24 05:06:44,25.0,-107.5,69.8,73,5,3.74,clear sky,0.0,0.0
308,Wenatchee,US,2020-02-24 05:06:44,47.42,-120.31,39.2,80,90,6.93,overcast clouds,0.0,0.0
309,Lensk,RU,2020-02-24 05:06:44,60.73,114.93,18.77,90,100,14.25,light snow,0.0,0.31
310,Cabo San Lucas,MX,2020-02-24 05:04:51,22.89,-109.91,66.99,88,5,5.75,clear sky,0.0,0.0
311,Yekaterinovka,RU,2020-02-24 05:06:45,52.05,44.35,32.45,92,94,11.25,overcast clouds,0.0,0.0
312,Port Lincoln,AU,2020-02-24 05:06:45,-34.73,135.87,75.34,55,0,14.92,clear sky,0.0,0.0
313,Mae Sai,TH,2020-02-24 05:06:45,20.43,99.88,80.01,64,60,3.36,broken clouds,0.0,0.0
314,Fergus Falls,US,2020-02-24 05:06:45,46.28,-96.08,26.6,92,1,4.16,clear sky,0.0,0.0
315,Bestobe,KZ,2020-02-24 05:06:46,52.5,73.1,16.29,93,100,6.38,light snow,0.0,0.19
316,Astaneh-Ye Ashrafiyeh,IR,2020-02-24 05:06:46,37.26,49.94,50.0,93,90,6.62,overcast clouds,0.0,0.0
317,Shonguy,RU,2020-02-24 05:06:46,68.75,33.15,24.8,92,75,4.47,broken clouds,0.0,0.0
318,Sitka,US,2020-02-24 05:06:46,57.05,-135.33,32.0,92,40,8.05,scattered clouds,0.0,0.0
319,San Vicente,AR,2020-02-24 05:06:46,-26.62,-54.13,63.16,99,49,2.64,scattered clouds,0.0,0.0
320,Port Macquarie,AU,2020-02-24 05:06:47,-31.43,152.92,78.01,94,75,2.24,light intensity shower rain,0.0,0.0
321,Visnes,NO,2020-02-24 05:06:47,59.36,5.22,39.99,86,69,17.22,light rain,1.13,0.0
322,Yurty,RU,2020-02-24 05:06:47,56.05,97.63,20.01,87,78,3.13,broken clouds,0.0,0.0
323,Harper,LR,2020-02-24 05:06:47,4.38,-7.72,78.01,95,100,3.02,overcast clouds,0.0,0.0
324,Victoria,HK,2020-02-24 05:06:14,22.29,114.16,82.0,60,20,19.46,few clouds,0.0,0.0
325,Kavaratti,IN,2020-02-24 05:06:48,10.57,72.64,82.4,78,20,4.7,few clouds,0.0,0.0
326,Healesville,AU,2020-02-24 05:06:48,-37.65,145.52,84.0,78,79,8.05,broken clouds,0.0,0.0
327,Tumbi,TZ,2020-02-24 05:06:48,-5.07,32.73,69.8,100,75,2.08,broken clouds,0.0,0.0
328,Lyngseidet,NO,2020-02-24 05:06:48,69.58,20.22,30.2,86,90,16.11,light shower snow,0.0,0.0
329,Laiyang,CN,2020-02-24 05:06:49,36.98,120.71,55.0,59,99,1.01,overcast clouds,0.0,0.0
330,Korla,CN,2020-02-24 05:06:49,41.76,86.15,42.01,84,75,1.01,broken clouds,0.0,0.0
331,Anadyr,RU,2020-02-24 05:06:49,64.75,177.48,-13.0,75,58,4.47,broken clouds,0.0,0.0
332,Shar,KZ,2020-02-24 05:06:49,49.59,81.05,14.09,90,97,1.61,overcast clouds,0.0,0.0
333,Champerico,GT,2020-02-24 05:06:50,14.3,-91.92,75.76,78,20,3.58,few clouds,0.0,0.0
334,Xam Nua,LA,2020-02-24 05:06:50,20.42,104.04,81.72,30,0,2.46,clear sky,0.0,0.0
335,Fene,ES,2020-02-24 05:06:50,43.45,-8.15,51.01,100,90,2.24,fog,0.0,0.0
336,Atambua,ID,2020-02-24 05:06:50,-9.11,124.89,84.11,66,57,5.32,broken clouds,0.0,0.0
337,Dunedin,NZ,2020-02-24 05:06:51,-45.87,170.5,64.0,69,43,8.99,scattered clouds,0.0,0.0
338,Cumaribo,NZ,2020-02-24 05:06:51,-45.87,170.5,64.0,69,43,8.99,scattered clouds,0.0,0.0
339,Ibra,OM,2020-02-24 05:06:51,22.69,58.53,78.19,40,57,1.83,broken clouds,0.0,0.0
340,Gazimurskiy Zavod,RU,2020-02-24 05:06:51,51.55,118.33,18.93,68,1,4.23,clear sky,0.0,0.0
341,Maldonado,UY,2020-02-24 05:06:51,-34.67,-54.92,64.4,77,86,13.87,overcast clouds,0.0,0.0
342,Sao Joao Da Barra,BR,2020-02-24 05:06:52,-21.64,-41.05,70.5,83,75,8.23,broken clouds,0.0,0.0
343,Chuy,UY,2020-02-24 05:06:52,-33.7,-53.46,63.19,80,43,9.06,scattered clouds,0.0,0.0
344,Ondorhaan,UY,2020-02-24 05:06:52,-33.7,-53.46,63.19,80,43,9.06,scattered clouds,0.0,0.0
345,Talcahuano,CL,2020-02-24 05:06:52,-36.72,-73.12,57.2,87,20,10.29,few clouds,0.0,0.0
346,Mahanje,TZ,2020-02-24 05:06:53,-9.93,35.33,75.69,82,98,6.06,overcast clouds,0.0,0.0
347,Bangassou,CF,2020-02-24 05:06:53,4.74,22.82,74.91,20,11,1.36,few clouds,0.0,0.0
348,Virginia Beach,US,2020-02-24 05:05:17,36.85,-75.98,50.0,71,1,6.93,clear sky,0.0,0.0
349,Samarai,PG,2020-02-24 05:06:53,-10.62,150.67,85.89,68,14,5.82,light rain,0.87,0.0
350,Luba,GQ,2020-02-24 05:06:53,3.46,8.55,82.4,94,20,5.82,few clouds,0.0,0.0
351,Zilair,RU,2020-02-24 05:06:54,52.23,57.44,22.78,95,100,8.81,light snow,0.0,0.44
352,Zyryanka,RU,2020-02-24 05:06:54,65.75,150.85,-8.37,94,97,2.26,overcast clouds,0.0,0.0
353,Port Hardy,CA,2020-02-24 05:06:54,50.7,-127.42,39.2,80,90,12.75,overcast clouds,0.0,0.0
354,Am Timan,TD,2020-02-24 05:06:54,11.03,20.28,70.39,17,0,9.93,clear sky,0.0,0.0
355,Ilulissat,GL,2020-02-24 05:04:01,69.22,-51.1,1.4,59,100,13.87,overcast clouds,0.0,0.0
356,Umm Lajj,SA,2020-02-24 05:06:55,25.02,37.27,63.81,38,100,7.7,overcast clouds,0.0,0.0
357,Bambous Virieux,MU,2020-02-24 05:06:55,-20.34,57.76,82.0,83,20,2.44,few clouds,0.0,0.0
358,Khormuj,MU,2020-02-24 05:06:55,-20.34,57.76,82.0,83,20,2.44,few clouds,0.0,0.0
359,Ye,MU,2020-02-24 05:06:55,-20.34,57.76,82.0,83,20,2.44,few clouds,0.0,0.0
360,Cogoleto,IT,2020-02-24 05:06:56,44.39,8.64,55.4,76,75,1.12,broken clouds,0.0,0.0
361,Houma,US,2020-02-24 05:06:56,29.6,-90.72,59.0,87,1,4.7,clear sky,0.0,0.0
362,Chaozhou,CN,2020-02-24 05:06:56,23.67,116.64,69.8,52,75,4.47,broken clouds,0.0,0.0
363,Pontes E Lacerda,BR,2020-02-24 05:06:56,-15.23,-59.34,69.8,97,96,0.11,light rain,1.25,0.0
364,Chapais,CA,2020-02-24 05:02:41,49.78,-74.85,26.6,79,90,10.29,overcast clouds,0.0,0.0
365,Ardistan,CA,2020-02-24 05:02:41,49.78,-74.85,26.6,79,90,10.29,overcast clouds,0.0,0.0
366,Banfora,BF,2020-02-24 05:06:57,10.63,-4.77,75.04,19,49,5.79,scattered clouds,0.0,0.0
367,Burgeo,CA,2020-02-24 05:06:57,47.62,-57.62,30.6,85,0,6.87,clear sky,0.0,0.0
368,Samusu,CA,2020-02-24 05:06:57,47.62,-57.62,30.6,85,0,6.87,clear sky,0.0,0.0
369,Flinders,AU,2020-02-24 05:06:58,-34.58,150.86,84.99,48,20,17.22,few clouds,0.0,0.0
370,Tura,IN,2020-02-24 05:06:58,25.52,90.22,86.92,30,100,2.1,overcast clouds,0.0,0.0
371,Dingle,PH,2020-02-24 05:06:58,11.0,122.67,84.43,65,55,15.55,light rain,0.25,0.0
372,Meulaboh,ID,2020-02-24 05:06:58,4.14,96.13,82.81,70,61,6.49,broken clouds,0.0,0.0
373,Sao Raimundo Das Mangabeiras,BR,2020-02-24 05:06:59,-7.02,-45.48,73.15,92,39,1.79,scattered clouds,0.0,0.0
374,Lyubinskiy,RU,2020-02-24 05:06:59,55.15,72.69,19.4,85,75,6.71,light shower snow,0.0,0.0
375,Sarankhola,BD,2020-02-24 05:06:59,22.31,89.79,88.43,27,0,4.09,clear sky,0.0,0.0
376,Marcona,BD,2020-02-24 05:06:59,22.31,89.79,88.43,27,0,4.09,clear sky,0.0,0.0
377,Burica,BD,2020-02-24 05:06:59,22.31,89.79,88.43,27,0,4.09,clear sky,0.0,0.0
378,Durazno,UY,2020-02-24 05:04:26,-33.41,-56.5,59.86,77,0,9.33,clear sky,0.0,0.0
379,Kamaishi,JP,2020-02-24 05:07:00,39.27,141.88,44.6,84,75,10.29,shower rain,0.0,0.0
380,Sokode,TG,2020-02-24 05:07:00,8.98,1.13,71.38,18,27,6.85,scattered clouds,0.0,0.0
381,Hohhot,CN,2020-02-24 05:04:13,40.81,111.65,51.8,20,100,2.24,overcast clouds,0.0,0.0
382,Kudahuvadhoo,MV,2020-02-24 05:07:01,2.67,72.89,83.23,80,57,15.95,broken clouds,0.0,0.0
383,Panguna,PG,2020-02-24 05:07:01,-6.32,155.48,77.34,90,83,2.8,moderate rain,5.5,0.0
384,Buenos Aires,AR,2020-02-24 05:03:53,-34.61,-58.38,73.4,60,0,9.17,clear sky,0.0,0.0
385,Tautira,PF,2020-02-24 05:07:01,-17.73,-149.15,84.2,70,40,11.41,scattered clouds,0.0,0.0
386,Altay,CN,2020-02-24 05:07:01,47.87,88.12,15.98,79,26,1.83,scattered clouds,0.0,0.0
387,Dosso,NE,2020-02-24 05:07:02,13.05,3.19,71.4,15,0,13.11,clear sky,0.0,0.0
388,Batagay-Alyta,RU,2020-02-24 05:07:02,67.8,130.41,-11.22,79,100,5.66,overcast clouds,0.0,0.0
389,Esperance,AU,2020-02-24 05:07:00,-33.87,121.9,80.6,54,83,11.41,broken clouds,0.0,0.0
390,Eyl,SO,2020-02-24 05:07:02,7.98,49.82,78.82,71,100,21.18,overcast clouds,0.0,0.0
391,Maesteg,GB,2020-02-24 05:07:03,51.61,-3.66,52.0,100,90,10.29,light rain,0.0,0.0
392,Shangrao,CN,2020-02-24 05:07:03,28.45,117.97,76.62,52,77,1.01,broken clouds,0.0,0.0
393,General Roca,AR,2020-02-24 05:07:03,-39.03,-67.58,71.6,37,32,19.46,scattered clouds,0.0,0.0
394,Preobrazheniye,RU,2020-02-24 05:07:03,42.9,133.91,33.69,60,12,14.79,few clouds,0.0,0.0
395,Warqla,RU,2020-02-24 05:07:03,42.9,133.91,33.69,60,12,14.79,few clouds,0.0,0.0
396,Pankrushikha,RU,2020-02-24 05:07:04,53.83,80.34,20.16,90,68,3.49,broken clouds,0.0,0.0
397,Lata,PT,2020-02-24 05:07:04,40.16,-8.33,53.01,93,0,1.12,clear sky,0.0,0.0
398,Bairiki,KI,2020-02-24 05:06:23,1.33,172.98,87.8,74,20,6.93,few clouds,0.0,0.0
399,Pisco,PE,2020-02-24 05:07:04,-13.7,-76.22,75.2,83,90,8.05,overcast clouds,0.0,0.0
400,San Joaquin,VE,2020-02-24 05:07:05,10.26,-67.79,74.75,87,83,8.39,light rain,0.13,0.0
401,Broome,US,2020-02-24 05:07:05,42.25,-75.83,37.99,79,40,6.33,scattered clouds,0.0,0.0
402,Palu,ID,2020-02-24 05:07:05,-0.89,119.87,82.42,65,90,4.16,light rain,2.56,0.0
403,Taber,CA,2020-02-24 05:07:05,49.82,-112.15,35.6,80,90,11.41,light snow,0.0,0.0
404,Yenagoa,NG,2020-02-24 05:07:06,4.92,6.26,76.91,96,14,1.61,few clouds,0.0,0.0
405,Poum,NC,2020-02-24 05:07:06,-20.23,164.02,81.03,72,65,19.69,broken clouds,0.0,0.0
406,Kinsale,IE,2020-02-24 05:07:06,51.71,-8.53,51.01,100,75,26.4,moderate rain,0.0,0.0
407,Nautla,MX,2020-02-24 05:07:06,20.22,-96.78,64.27,88,5,2.53,clear sky,0.0,0.0
408,Alcantarilla,ES,2020-02-24 05:07:07,37.97,-1.22,46.0,100,0,5.82,clear sky,0.0,0.0
409,Borogontsy,RU,2020-02-24 05:07:07,62.67,131.17,-0.58,92,97,4.85,overcast clouds,0.0,0.0
410,Srednekolymsk,RU,2020-02-24 05:07:07,67.45,153.68,-20.02,98,97,1.14,overcast clouds,0.0,0.0
411,Baker City,US,2020-02-24 05:04:03,44.77,-117.83,35.6,51,1,18.34,clear sky,0.0,0.0
412,Rambha,IN,2020-02-24 05:07:07,19.52,85.1,87.42,35,0,10.13,clear sky,0.0,0.0
413,Svetlogorsk,BY,2020-02-24 05:07:08,52.63,29.73,34.16,90,100,9.22,overcast clouds,0.0,0.0
414,La Palma,US,2020-02-24 05:07:08,33.85,-118.05,59.0,93,20,4.7,few clouds,0.0,0.0
415,Jahrom,US,2020-02-24 05:07:08,33.85,-118.05,59.0,93,20,4.7,few clouds,0.0,0.0
416,Launceston,AU,2020-02-24 05:07:08,-41.45,147.17,73.99,43,90,12.75,overcast clouds,0.0,0.0
417,Tungkang,AU,2020-02-24 05:07:08,-41.45,147.17,73.99,43,90,12.75,overcast clouds,0.0,0.0
418,Canelones,UY,2020-02-24 05:03:26,-34.64,-56.29,64.4,68,0,10.29,clear sky,0.0,0.0
419,Chanal,MX,2020-02-24 05:07:09,16.72,-92.4,69.8,68,5,9.17,clear sky,0.0,0.0
420,Oussouye,SN,2020-02-24 05:07:09,12.48,-16.55,77.0,78,100,4.7,overcast clouds,0.0,0.0
421,Berlevag,NO,2020-02-24 05:07:09,70.86,29.09,32.0,96,75,6.93,broken clouds,0.0,0.0
422,Sur,OM,2020-02-24 05:07:10,22.57,59.53,80.22,41,47,4.25,scattered clouds,0.0,0.0
423,Attawapiskat,OM,2020-02-24 05:07:10,22.57,59.53,80.22,41,47,4.25,scattered clouds,0.0,0.0
424,Tsuruoka,JP,2020-02-24 05:07:10,38.72,139.82,46.4,70,75,20.8,broken clouds,0.0,0.0
425,Conde,BR,2020-02-24 05:07:10,-7.26,-34.91,80.6,83,20,4.7,few clouds,0.0,0.0
426,Chalchihuites,MX,2020-02-24 05:07:11,23.48,-103.88,51.24,59,1,9.06,clear sky,0.0,0.0
427,Sataua,MX,2020-02-24 05:07:11,23.48,-103.88,51.24,59,1,9.06,clear sky,0.0,0.0
428,Touros,BR,2020-02-24 05:06:39,-5.2,-35.46,77.0,94,40,3.36,scattered clouds,0.0,0.0
429,Kapuskasing,CA,2020-02-24 05:07:11,49.42,-82.43,33.8,86,90,11.41,light snow,0.0,0.0
430,Aklavik,CA,2020-02-24 05:07:11,68.22,-135.01,-4.0,76,90,3.36,light snow,0.0,0.0
431,Cherskiy,RU,2020-02-24 05:07:12,68.75,161.3,-25.73,88,57,3.65,broken clouds,0.0,0.0
432,Ewa Beach,US,2020-02-24 05:05:39,21.32,-158.01,80.6,51,75,10.29,broken clouds,0.0,0.0
433,Ostrovnoy,RU,2020-02-24 05:07:12,68.05,39.51,22.3,91,100,5.86,overcast clouds,0.0,0.0
434,Abu Dhabi,AE,2020-02-24 05:03:59,24.47,54.37,73.4,73,100,5.82,overcast clouds,0.0,0.0
435,Shepetivka,UA,2020-02-24 05:06:02,50.19,27.06,35.35,94,100,25.17,light snow,0.0,1.13
436,Carnduff,CA,2020-02-24 05:07:13,49.17,-101.8,8.01,90,100,4.0,overcast clouds,0.0,0.0
437,Lancaster,US,2020-02-24 05:02:36,40.25,-76.25,39.2,55,1,5.23,clear sky,0.0,0.0
438,Nueva Loja,EC,2020-02-24 05:07:13,0.08,-76.88,69.67,99,100,1.48,overcast clouds,0.0,0.0
439,Buchanan,LR,2020-02-24 05:07:13,5.88,-10.05,77.0,94,40,5.82,mist,0.0,0.0
440,Strezhevoy,RU,2020-02-24 05:06:01,60.73,77.59,15.8,78,96,6.71,overcast clouds,0.0,0.0
441,Pingliang,CN,2020-02-24 05:07:14,35.54,106.69,50.32,18,0,11.16,clear sky,0.0,0.0
442,Clyde River,CA,2020-02-24 05:03:05,70.47,-68.59,-20.2,75,20,13.87,light snow,0.0,0.0
443,Yurga,RU,2020-02-24 05:06:27,55.72,84.89,19.4,92,0,5.53,clear sky,0.0,0.0
444,Puquio,PE,2020-02-24 05:06:40,-14.7,-74.13,42.35,88,100,3.8,light rain,0.44,0.0
445,Paamiut,GL,2020-02-24 05:07:15,61.99,-49.67,13.62,93,99,21.14,light snow,0.0,0.81
446,Celestun,MX,2020-02-24 05:07:15,20.87,-90.4,73.58,83,0,16.4,clear sky,0.0,0.0
447,Barrow,US,2020-02-24 05:07:15,71.29,-156.79,-25.6,74,75,12.75,broken clouds,0.0,0.0
448,Aguimes,ES,2020-02-24 05:07:15,27.91,-15.45,73.99,53,60,5.82,broken clouds,0.0,0.0
449,Chicama,PE,2020-02-24 05:07:16,-7.84,-79.15,73.4,88,75,5.82,mist,0.0,0.0
450,Pahrump,US,2020-02-24 05:07:16,36.21,-115.98,53.01,62,1,3.36,clear sky,0.0,0.0
451,Palabuhanratu,US,2020-02-24 05:07:16,36.21,-115.98,53.01,62,1,3.36,clear sky,0.0,0.0
452,Raymondville,US,2020-02-24 05:07:16,26.48,-97.78,72.0,88,90,10.29,overcast clouds,0.0,0.0
453,Yinchuan,CN,2020-02-24 05:07:17,38.47,106.27,53.94,23,31,3.62,scattered clouds,0.0,0.0
454,Balotra,IN,2020-02-24 05:07:17,25.83,72.23,78.21,34,0,6.93,clear sky,0.0,0.0
455,Malakal,SS,2020-02-24 05:03:05,9.53,31.66,81.73,10,0,12.37,clear sky,0.0,0.0
456,Vysokogornyy,RU,2020-02-24 05:07:17,50.12,139.15,16.27,84,100,3.56,overcast clouds,0.0,0.0
457,San Patricio,MX,2020-02-24 05:04:52,19.22,-104.7,75.76,81,0,9.4,clear sky,0.0,0.0
458,Mason City,US,2020-02-24 05:05:49,43.15,-93.2,32.0,93,1,11.41,clear sky,0.0,0.0
459,Banda Aceh,ID,2020-02-24 05:07:18,5.56,95.32,88.05,56,52,10.04,broken clouds,0.0,0.0
460,Nemuro,JP,2020-02-24 05:02:37,43.32,145.57,30.2,63,40,6.93,scattered clouds,0.0,0.0
461,Mabaruma,GY,2020-02-24 05:07:18,8.2,-59.78,71.83,99,42,1.79,scattered clouds,0.0,0.0
462,Kupang,ID,2020-02-24 05:07:19,-10.17,123.58,86.0,74,40,10.29,scattered clouds,0.0,0.0
463,Kerman,IR,2020-02-24 05:07:19,30.28,57.08,41.0,35,35,4.7,scattered clouds,0.0,0.0
464,Kangasala,FI,2020-02-24 05:07:19,61.5,24.08,30.99,74,26,13.87,scattered clouds,0.0,0.0
465,Margate,GB,2020-02-24 05:07:19,51.38,1.39,45.0,100,100,13.87,moderate rain,0.0,0.0
466,Rungata,GB,2020-02-24 05:07:19,51.38,1.39,45.0,100,100,13.87,moderate rain,0.0,0.0
467,Norton,ZW,2020-02-24 05:07:20,-17.88,30.7,67.48,84,100,13.38,light rain,0.12,0.0
468,Sorland,NO,2020-02-24 05:07:20,67.67,12.69,32.0,61,40,23.04,scattered clouds,0.0,0.0
469,Callaguip,PH,2020-02-24 05:07:20,18.07,120.49,84.2,66,75,11.41,broken clouds,0.0,0.0
470,Abu Samrah,SY,2020-02-24 05:07:20,35.3,37.18,51.67,74,20,11.23,few clouds,0.0,0.0
471,Zabkowice Slaskie,PL,2020-02-24 05:07:21,50.59,16.81,39.99,76,75,25.28,broken clouds,0.0,0.0
472,Oskarshamn,SE,2020-02-24 05:07:21,57.26,16.45,36.0,75,10,8.05,clear sky,0.0,0.0
473,Naze,JP,2020-02-24 05:07:21,28.37,129.48,68.0,55,0,5.82,clear sky,0.0,0.0
474,Alappuzha,IN,2020-02-24 05:07:21,9.49,76.33,98.01,30,86,2.46,overcast clouds,0.0,0.0
475,Coquimbo,CL,2020-02-24 05:03:04,-29.95,-71.34,60.8,82,90,3.36,overcast clouds,0.0,0.0
476,Manzil Tamim,CL,2020-02-24 05:03:04,-29.95,-71.34,60.8,82,90,3.36,overcast clouds,0.0,0.0
477,Barbar,CL,2020-02-24 05:03:04,-29.95,-71.34,60.8,82,90,3.36,overcast clouds,0.0,0.0
478,Tucurui,BR,2020-02-24 05:07:22,-3.77,-49.67,74.03,95,100,4.18,light rain,2.63,0.0
479,Whitehorse,CA,2020-02-24 05:07:22,60.72,-135.05,19.4,92,90,6.93,light snow,0.0,0.0
480,Grand Gaube,MU,2020-02-24 05:07:23,-20.01,57.66,82.0,83,20,4.14,few clouds,0.0,0.0
481,Anuchino,RU,2020-02-24 05:07:23,43.96,133.05,28.2,84,99,11.34,light snow,0.0,0.44
482,Abancay,PE,2020-02-24 05:07:23,-13.63,-72.88,50.02,97,95,1.77,light rain,0.38,0.0
483,La Ronge,CA,2020-02-24 05:04:51,55.1,-105.28,30.2,63,90,5.82,overcast clouds,0.0,0.0
484,Vila Franca Do Campo,PT,2020-02-24 05:07:23,37.72,-25.43,50.0,81,20,2.24,few clouds,0.0,0.0
485,Vereya,RU,2020-02-24 05:07:24,55.34,36.17,31.1,89,93,8.16,overcast clouds,0.0,0.0
486,Baglung,NP,2020-02-24 05:07:24,28.27,83.59,49.89,28,0,7.96,clear sky,0.0,0.0
487,Khartoum,SD,2020-02-24 05:07:24,15.55,32.53,66.2,20,9,19.46,clear sky,0.0,0.0
488,Sindor,RU,2020-02-24 05:07:24,62.86,51.89,26.6,91,100,13.51,light snow,0.0,0.25
489,Rawson,AR,2020-02-24 05:07:25,-43.3,-65.1,61.09,83,49,19.1,scattered clouds,0.0,0.0
490,Sentyabrskiy,AR,2020-02-24 05:07:25,-43.3,-65.1,61.09,83,49,19.1,scattered clouds,0.0,0.0
491,Humaita,BR,2020-02-24 05:07:25,-7.51,-63.02,72.63,96,100,1.92,overcast clouds,0.0,0.0
492,Saint-Georges,GD,2020-02-24 05:07:25,12.06,-61.75,78.8,88,75,11.41,broken clouds,0.0,0.0
493,Louisbourg,GD,2020-02-24 05:07:25,12.06,-61.75,78.8,88,75,11.41,broken clouds,0.0,0.0
494,Ilhabela,BR,2020-02-24 05:05:45,-23.78,-45.36,74.71,73,82,9.64,broken clouds,0.0,0.0
495,Flin Flon,CA,2020-02-24 05:07:26,54.77,-101.86,20.77,97,100,4.43,light snow,0.0,0.25
496,Nanortalik,GL,2020-02-24 05:07:26,60.14,-45.24,26.37,91,100,10.0,snow,0.0,1.56
497,Sioux Lookout,CA,2020-02-24 05:03:47,50.1,-91.92,33.8,69,90,18.34,light shower snow,0.0,0.0
498,Caborca,MX,2020-02-24 05:07:27,30.58,-111.1,55.0,68,37,1.01,scattered clouds,0.0,0.0
499,Puerto Del Rosario,ES,2020-02-24 05:07:27,28.5,-13.86,73.4,43,94,8.05,overcast clouds,0.0,0.0
500,Amapa,BR,2020-02-24 05:07:27,1.0,-52.0,73.17,99,100,1.48,overcast clouds,0.0,0.0
501,Kem,RU,2020-02-24 05:07:27,64.96,34.58,27.37,83,100,11.21,overcast clouds,0.0,0.0
502,Kaitangata,NZ,2020-02-24 05:07:27,-46.28,169.85,64.0,63,46,8.01,scattered clouds,0.0,0.0
503,Fort Saint John,NZ,2020-02-24 05:07:27,-46.28,169.85,64.0,63,46,8.01,scattered clouds,0.0,0.0
504,Telgte,DE,2020-02-24 05:07:28,51.98,7.78,39.99,80,59,5.82,broken clouds,0.0,0.0
505,Novo Aripuana,BR,2020-02-24 05:07:28,-5.12,-60.38,74.03,98,92,1.39,overcast clouds,0.0,0.0
506,Birjand,IR,2020-02-24 05:04:01,32.87,59.22,41.0,56,47,6.93,scattered clouds,0.0,0.0
507,Dehloran,IR,2020-02-24 05:07:29,32.69,47.27,73.08,37,100,10.85,overcast clouds,0.0,0.0
508,Bolungarvik,IR,2020-02-24 05:07:29,32.69,47.27,73.08,37,100,10.85,overcast clouds,0.0,0.0
509,Sao Filipe,CV,2020-02-24 05:07:29,14.9,-24.5,67.05,83,13,14.56,few clouds,0.0,0.0
510,Ust-Kuyga,RU,2020-02-24 05:07:29,70.02,135.6,-14.3,98,86,7.18,overcast clouds,0.0,0.0
511,Salina Cruz,MX,2020-02-24 05:07:29,16.17,-95.2,77.97,78,0,18.3,clear sky,0.0,0.0
512,Shizukuishi,JP,2020-02-24 05:07:30,39.68,140.98,46.4,84,75,10.29,shower rain,0.0,0.0
513,Karwar,IN,2020-02-24 05:07:30,14.8,74.13,87.66,38,0,6.82,clear sky,0.0,0.0
514,Verkhnyaya Inta,RU,2020-02-24 05:07:30,65.98,60.31,25.18,79,100,11.18,overcast clouds,0.0,0.0
515,Gdov,RU,2020-02-24 05:07:30,58.74,27.81,32.86,83,43,11.41,scattered clouds,0.0,0.0
516,Dharchula,IN,2020-02-24 05:07:31,29.85,80.53,44.62,41,99,6.35,overcast clouds,0.0,0.0
517,Pucallpa,PE,2020-02-24 05:07:31,-8.38,-74.55,78.8,83,40,2.24,scattered clouds,0.0,0.0
518,Puerto Baquerizo Moreno,EC,2020-02-24 05:07:31,-0.9,-89.6,78.89,85,73,6.76,broken clouds,0.0,0.0
519,Slonim,BY,2020-02-24 05:07:31,53.09,25.32,36.1,80,100,12.77,light snow,0.0,1.0
520,Amuntai,ID,2020-02-24 05:07:31,-2.42,115.25,93.85,42,20,5.46,few clouds,0.0,0.0
521,Torata,PE,2020-02-24 05:07:32,-17.08,-70.84,56.37,96,100,7.94,light rain,1.56,0.0
522,Mahbubnagar,IN,2020-02-24 05:06:04,16.73,77.98,86.61,26,0,10.6,clear sky,0.0,0.0
523,Chaklasi,IN,2020-02-24 05:07:32,22.65,72.93,73.4,64,0,8.05,haze,0.0,0.0
524,Hakkari,TR,2020-02-24 05:07:32,37.58,44.17,27.5,95,72,3.62,broken clouds,0.0,0.0
525,Bubaque,GW,2020-02-24 05:07:33,11.28,-15.83,80.2,65,93,7.76,overcast clouds,0.0,0.0
526,Bobrovytsya,UA,2020-02-24 05:07:33,50.75,31.38,39.2,93,90,11.18,light rain,0.0,0.0
527,Bongandanga,CD,2020-02-24 05:07:33,1.5,21.05,76.66,83,83,2.46,broken clouds,0.0,0.0
528,Miguel Hidalgo,MX,2020-02-24 05:03:03,19.42,-99.2,69.8,32,20,5.82,few clouds,0.0,0.0
529,Galgani,MX,2020-02-24 05:03:03,19.42,-99.2,69.8,32,20,5.82,few clouds,0.0,0.0
530,Forestville,US,2020-02-24 05:07:34,38.85,-76.88,44.01,58,1,3.62,clear sky,0.0,0.0
531,Tezu,IN,2020-02-24 05:07:34,27.92,96.17,77.32,35,71,4.21,light rain,0.81,0.0
532,Mogwase,ZA,2020-02-24 05:07:34,-25.18,27.27,66.61,60,79,13.78,broken clouds,0.0,0.0
533,Timra,SE,2020-02-24 05:07:34,62.49,17.33,34.0,71,0,13.87,clear sky,0.0,0.0
534,Tutoia,BR,2020-02-24 05:07:35,-2.76,-42.27,74.8,97,48,2.84,scattered clouds,0.0,0.0
535,Bolshaya Sosnova,RU,2020-02-24 05:07:35,57.67,54.6,25.02,92,100,18.07,light snow,0.0,0.37
536,Merauke,ID,2020-02-24 05:07:35,-8.47,140.33,87.49,72,34,5.19,light rain,1.75,0.0
537,Cabedelo,BR,2020-02-24 05:07:35,-6.98,-34.83,80.6,83,20,4.7,few clouds,0.0,0.0
538,Quatre Cocos,MU,2020-02-24 05:07:36,-20.21,57.76,82.0,83,20,1.99,few clouds,0.0,0.0
539,Nioki,CD,2020-02-24 05:07:36,-2.72,17.68,72.34,95,100,5.61,overcast clouds,0.0,0.0
540,Novyy Nekouz,RU,2020-02-24 05:07:36,57.9,38.07,33.4,91,100,10.29,light snow,0.0,0.13
541,The Valley,AI,2020-02-24 05:03:01,18.22,-63.06,77.0,78,20,4.7,few clouds,0.0,0.0
542,Aflu,AI,2020-02-24 05:03:01,18.22,-63.06,77.0,78,20,4.7,few clouds,0.0,0.0
543,Sadiqabad,PK,2020-02-24 05:07:37,28.31,70.13,83.93,24,14,7.43,few clouds,0.0,0.0
544,Vichuga,RU,2020-02-24 05:07:37,57.21,41.93,32.49,93,95,12.35,light snow,0.0,0.25
545,Leningradskiy,RU,2020-02-24 05:07:37,69.38,178.42,-17.72,69,57,3.78,broken clouds,0.0,0.0
546,Labuhan,ID,2020-02-24 05:07:37,-6.88,112.21,85.53,76,8,5.23,moderate rain,5.44,0.0
547,Vilyuysk,RU,2020-02-24 05:05:49,63.76,121.62,4.1,93,100,6.98,light snow,0.0,0.13
548,Vire,FR,2020-02-24 05:07:38,48.92,-0.83,53.6,93,90,20.8,overcast clouds,0.0,0.0
549,Temaraia,FR,2020-02-24 05:07:38,48.92,-0.83,53.6,93,90,20.8,overcast clouds,0.0,0.0
550,Komsomolskiy,UZ,2020-02-24 05:07:38,40.43,71.72,46.4,87,75,2.24,shower rain,0.0,0.0
551,Upata,VE,2020-02-24 05:07:38,8.01,-62.4,71.44,90,49,6.17,scattered clouds,0.0,0.0
552,Mezhova,UA,2020-02-24 05:07:39,48.25,36.73,39.0,93,100,17.58,light rain,0.69,0.0
553,Morgan City,US,2020-02-24 05:07:39,29.7,-91.21,59.0,87,1,4.7,clear sky,0.0,0.0
554,Cayenne,GF,2020-02-24 05:04:02,4.93,-52.33,78.8,88,75,4.7,broken clouds,0.0,0.0
555,Termoli,IT,2020-02-24 05:07:39,41.99,14.99,50.0,62,0,9.13,clear sky,0.0,0.0
556,Khilok,RU,2020-02-24 05:07:40,51.37,110.47,20.07,71,88,1.83,overcast clouds,0.0,0.0
557,Salinopolis,BR,2020-02-24 05:07:40,-0.61,-47.36,81.63,82,39,13.47,light rain,1.5,0.0
558,Tra Vinh,VN,2020-02-24 05:06:14,9.93,106.35,90.28,30,0,13.04,clear sky,0.0,0.0
559,Utiroa,VN,2020-02-24 05:06:14,9.93,106.35,90.28,30,0,13.04,clear sky,0.0,0.0
560,Qitaihe,CN,2020-02-24 05:07:40,45.8,130.85,21.94,89,98,13.09,overcast clouds,0.0,0.0
561,Apostolove,UA,2020-02-24 05:07:41,47.66,33.71,41.0,86,90,17.9,light intensity drizzle,0.0,0.0
562,Hearst,CA,2020-02-24 05:07:41,49.68,-83.67,29.17,95,99,8.34,light snow,0.0,0.56
563,Springdale,US,2020-02-24 05:07:41,36.19,-94.13,48.2,93,90,11.41,light rain,0.0,0.0
564,Villarrica,PY,2020-02-24 05:07:41,-25.75,-56.43,68.4,57,61,2.84,broken clouds,0.0,0.0
565,Ust-Nera,RU,2020-02-24 05:07:42,64.57,143.2,-20.6,97,100,2.73,overcast clouds,0.0,0.0
566,Port-Gentil,GA,2020-02-24 05:07:42,-0.72,8.78,81.77,79,100,6.71,overcast clouds,0.0,0.0
567,Umm Kaddadah,SD,2020-02-24 05:07:42,13.6,26.69,64.4,25,0,20.74,clear sky,0.0,0.0
568,Puerto Madryn,AR,2020-02-24 05:07:42,-42.77,-65.04,59.25,79,52,21.23,broken clouds,0.0,0.0
569,Weifang,CN,2020-02-24 05:07:42,36.71,119.1,45.7,94,100,8.5,moderate rain,5.31,0.0
570,Gat,IL,2020-02-24 05:07:43,31.61,34.76,51.01,93,20,4.7,few clouds,0.0,0.0
571,Mount Gambier,AU,2020-02-24 05:04:53,-37.83,140.77,78.8,54,90,8.05,overcast clouds,0.0,0.0
572,Vokhtoga,RU,2020-02-24 05:07:43,58.81,41.05,33.04,97,100,9.8,light snow,0.0,1.19
573,Ipixuna,BR,2020-02-24 05:07:43,-1.76,-48.8,78.8,88,40,6.93,scattered clouds,0.0,0.0
574,Castanhal,BR,2020-02-24 05:07:44,-1.29,-47.93,78.8,88,40,6.93,scattered clouds,0.0,0.0
575,Angoram,PG,2020-02-24 05:07:44,-4.06,144.07,87.17,63,100,5.53,overcast clouds,0.0,0.0
576,Shunyi,CN,2020-02-24 05:07:00,40.12,116.65,55.99,36,100,4.47,overcast clouds,0.0,0.0
577,Junin,AR,2020-02-24 05:07:44,-34.58,-60.94,57.0,93,2,1.99,clear sky,0.0,0.0
578,Inhambane,MZ,2020-02-24 05:07:44,-23.86,35.38,77.0,69,75,16.11,broken clouds,0.0,0.0
579,Penzance,GB,2020-02-24 05:07:45,50.12,-5.54,52.0,93,100,28.86,overcast clouds,0.0,0.0
580,Lufilufi,WS,2020-02-24 05:07:45,-13.87,-171.6,86.0,84,100,3.0,light rain,2.44,0.0
581,Faya,SA,2020-02-24 05:07:45,18.39,42.45,57.2,87,20,4.7,few clouds,0.0,0.0
582,Okhotsk,RU,2020-02-24 05:07:45,59.38,143.3,-2.16,79,69,5.3,broken clouds,0.0,0.0
583,Kamenskoye,RU,2020-02-24 05:07:45,59.38,143.3,-2.16,79,69,5.3,broken clouds,0.0,0.0
584,Tuatapere,NZ,2020-02-24 05:07:46,-46.13,167.68,64.99,63,26,14.0,scattered clouds,0.0,0.0
585,Andenes,NO,2020-02-24 05:07:46,69.31,16.12,32.0,66,75,26.4,light shower snow,0.0,0.0
586,Natalio,PY,2020-02-24 05:07:46,-26.72,-55.08,63.45,96,34,1.16,scattered clouds,0.0,0.0
587,Hare Bay,CA,2020-02-24 05:07:46,48.85,-54.01,24.8,79,20,13.87,few clouds,0.0,0.0
588,Belawan,ID,2020-02-24 05:07:47,3.78,98.68,86.0,70,40,8.05,scattered clouds,0.0,0.0
589,Hamilton,US,2020-02-24 05:03:14,39.18,-84.53,44.6,48,1,5.64,clear sky,0.0,0.0
590,Jalu,LY,2020-02-24 05:07:47,29.03,21.55,50.9,75,43,6.31,scattered clouds,0.0,0.0
591,Saint-Joseph,RE,2020-02-24 05:07:47,-21.37,55.62,84.99,58,25,2.24,scattered clouds,0.0,0.0
592,Kishi,NG,2020-02-24 05:07:48,9.08,3.85,68.56,18,10,4.94,clear sky,0.0,0.0
593,Mayumba,GA,2020-02-24 05:07:48,-3.43,10.66,81.52,79,93,6.2,overcast clouds,0.0,0.0
594,Sivaki,RU,2020-02-24 05:07:48,52.63,126.75,20.07,83,31,11.05,scattered clouds,0.0,0.0
595,Yarkovo,RU,2020-02-24 05:07:48,57.4,67.08,18.82,92,73,10.04,broken clouds,0.0,0.0
596,Sechura,PE,2020-02-24 05:07:48,-5.56,-80.82,75.6,80,90,6.13,overcast clouds,0.0,0.0
597,San Policarpo,PH,2020-02-24 05:07:49,12.18,125.51,81.3,74,18,15.08,few clouds,0.0,0.0
598,Pedernales,DO,2020-02-24 05:07:49,18.04,-71.74,65.86,90,8,2.93,light rain,0.88,0.0
599,Monrovia,LR,2020-02-24 05:07:49,6.3,-10.8,77.0,94,40,5.82,mist,0.0,0.0
600,Mlonggo,ID,2020-02-24 05:07:49,-6.53,110.7,80.6,88,40,4.7,light rain,0.0,0.0
601,Manaure,CO,2020-02-24 05:07:50,11.78,-72.44,76.12,87,14,12.06,few clouds,0.0,0.0
602,Leninskoye,RU,2020-02-24 05:07:50,47.94,132.62,21.87,83,95,5.53,overcast clouds,0.0,0.0
603,Solano,US,2020-02-24 05:07:50,38.23,-121.95,55.4,87,1,4.92,clear sky,0.0,0.0
604,Tagusao,PH,2020-02-24 05:07:50,9.19,117.81,82.85,67,59,14.72,light rain,0.31,0.0
605,Mocuba,MZ,2020-02-24 05:07:50,-16.84,36.99,78.98,90,100,5.08,overcast clouds,0.0,0.0
606,Shelburne,CA,2020-02-24 05:03:54,44.08,-80.2,42.01,60,1,16.11,clear sky,0.0,0.0
607,Vallenar,CL,2020-02-24 05:07:51,-28.57,-70.76,54.86,88,2,1.48,clear sky,0.0,0.0
608,Kade,DE,2020-02-24 05:07:51,52.38,12.27,41.0,86,70,1.99,broken clouds,0.0,0.0
609,Port Moresby,PG,2020-02-24 05:07:51,-9.44,147.18,91.4,59,40,12.75,scattered clouds,0.0,0.0
610,Tammisaari,FI,2020-02-24 05:07:52,59.97,23.43,33.01,82,0,4.0,clear sky,0.0,0.0
611,Nakonde,ZM,2020-02-24 05:07:52,-9.34,32.74,68.86,92,100,2.39,light rain,1.69,0.0
612,Kampong Thum,KH,2020-02-24 05:07:52,12.71,104.89,96.08,19,8,8.99,clear sky,0.0,0.0
613,Moshenskoye,RU,2020-02-24 05:07:52,58.51,34.59,32.32,96,100,10.27,light snow,0.0,0.69
614,Vitimskiy,RU,2020-02-24 05:07:52,58.51,34.59,32.32,96,100,10.27,light snow,0.0,0.0
615,Caravelas,BR,2020-02-24 05:07:53,-17.71,-39.25,79.77,83,34,9.51,moderate rain,3.25,0.0
616,Kristiinankaupunki,FI,2020-02-24 05:07:53,62.27,21.38,31.66,55,21,15.21,few clouds,0.0,0.0
617,Vigia Del Fuerte,CO,2020-02-24 05:07:53,6.58,-76.89,72.81,89,17,3.65,few clouds,0.0,0.0
618,Tortoli,IT,2020-02-24 05:07:53,39.93,9.66,51.8,62,5,4.7,clear sky,0.0,0.0
619,Khash,IR,2020-02-24 05:07:53,28.22,61.22,63.41,38,0,5.19,clear sky,0.0,0.0
620,Hofn,IS,2020-02-24 05:03:04,64.25,-15.21,38.98,80,100,28.99,light snow,0.0,0.63
621,Cavalcante,BR,2020-02-24 05:07:54,-13.8,-47.46,65.8,88,86,0.51,overcast clouds,0.0,0.0
622,Shingu,JP,2020-02-24 05:07:54,33.73,135.98,57.2,50,0,11.41,clear sky,0.0,0.0
623,Mahibadhoo,MV,2020-02-24 05:07:54,3.78,72.97,83.03,76,39,15.61,scattered clouds,0.0,0.0
624,Perth,AU,2020-02-24 05:07:25,-31.93,115.83,90.0,45,40,13.87,scattered clouds,0.0,0.0
625,Whyalla,AU,2020-02-24 05:07:55,-33.03,137.58,87.8,43,0,11.41,clear sky,0.0,0.0
